rung,scenario_id,trial,verdict
R2,r-0201,1,1
R2,r-0201,2,1
R2,r-0201,3,0
R2,r-0202,1,1
R2,r-0202,2,1
R2,r-0202,3,0
R2,r-0203,1,1
R2,r-0203,2,1
R2,r-0203,3,0
R2,r-0204,1,1
R2,r-0204,2,0
R2,r-0204,3,1
R2,r-0205,1,0
R2,r-0205,2,1
R2,r-0205,3,0
R2,r-0206,1,1
R2,r-0206,2,0
R2,r-0206,3,1
R2,r-0207,1,1
R2,r-0207,2,1
R2,r-0207,3,0
R2,r-0208,1,0
R2,r-0208,2,1
R2,r-0208,3,1
R2,r-0209,1,0
R2,r-0209,2,1
R2,r-0209,3,0
R2,r-0210,1,1
R2,r-0210,2,0
R2,r-0210,3,1
R2,r-0211,1,1
R2,r-0211,2,1
R2,r-0211,3,0
R2,r-0212,1,0
R2,r-0212,2,1
R2,r-0212,3,1
R2,r-0213,1,1
R2,r-0213,2,1
R2,r-0213,3,0
R2,r-0214,1,1
R2,r-0214,2,0
R2,r-0214,3,1
R2,r-0215,1,1
R2,r-0215,2,1
R2,r-0215,3,1
R2,r-0216,1,1
R2,r-0216,2,1
R2,r-0216,3,1
R2,r-0217,1,0
R2,r-0217,2,0
R2,r-0217,3,1
R2,r-0218,1,0
R2,r-0218,2,1
R2,r-0218,3,1
R2,r-0219,1,0
R2,r-0219,2,1
R2,r-0219,3,1
R2,r-0220,1,0
R2,r-0220,2,1
R2,r-0220,3,0
R2,r-0221,1,1
R2,r-0221,2,1
R2,r-0221,3,0
R2,r-0222,1,1
R2,r-0222,2,0
R2,r-0222,3,1
R2,r-0223,1,1
R2,r-0223,2,0
R2,r-0223,3,0
R2,r-0224,1,0
R2,r-0224,2,1
R2,r-0224,3,1
R2,r-0225,1,0
R2,r-0225,2,0
R2,r-0225,3,0
R2,r-0226,1,1
R2,r-0226,2,0
R2,r-0226,3,1
R2,r-0227,1,0
R2,r-0227,2,0
R2,r-0227,3,0
R2,r-0228,1,1
R2,r-0228,2,1
R2,r-0228,3,0
R2,r-0229,1,0
R2,r-0229,2,1
R2,r-0229,3,0
R2,r-0230,1,1
R2,r-0230,2,1
R2,r-0230,3,1
R2,r-0231,1,1
R2,r-0231,2,0
R2,r-0231,3,1
R2,r-0232,1,0
R2,r-0232,2,1
R2,r-0232,3,1
R2,r-0233,1,1
R2,r-0233,2,0
R2,r-0233,3,1
R2,r-0234,1,0
R2,r-0234,2,1
R2,r-0234,3,0
R2,r-0235,1,1
R2,r-0235,2,0
R2,r-0235,3,0
R2,r-0236,1,1
R2,r-0236,2,0
R2,r-0236,3,1
R2,r-0237,1,0
R2,r-0237,2,1
R2,r-0237,3,1
R2,r-0238,1,0
R2,r-0238,2,1
R2,r-0238,3,0
R2,r-0239,1,1
R2,r-0239,2,1
R2,r-0239,3,1
R2,r-0240,1,1
R2,r-0240,2,0
R2,r-0240,3,0
R2,r-0241,1,0
R2,r-0241,2,1
R2,r-0241,3,1
R2,r-0242,1,0
R2,r-0242,2,0
R2,r-0242,3,0
R2,r-0243,1,1
R2,r-0243,2,1
R2,r-0243,3,0
R2,r-0244,1,1
R2,r-0244,2,0
R2,r-0244,3,1
R2,r-0245,1,0
R2,r-0245,2,0
R2,r-0245,3,1
R2,r-0246,1,0
R2,r-0246,2,1
R2,r-0246,3,1
R2,r-0247,1,1
R2,r-0247,2,1
R2,r-0247,3,1
R2,r-0248,1,0
R2,r-0248,2,1
R2,r-0248,3,0
R2,r-0249,1,1
R2,r-0249,2,1
R2,r-0249,3,1
R2,r-0250,1,1
R2,r-0250,2,0
R2,r-0250,3,1
R2,r-0251,1,1
R2,r-0251,2,0
R2,r-0251,3,0
R2,r-0252,1,0
R2,r-0252,2,0
R2,r-0252,3,1
R2,r-0253,1,0
R2,r-0253,2,1
R2,r-0253,3,1
R2,r-0254,1,0
R2,r-0254,2,1
R2,r-0254,3,1
R2,r-0255,1,0
R2,r-0255,2,0
R2,r-0255,3,1
R2,r-0256,1,1
R2,r-0256,2,1
R2,r-0256,3,1
R2,r-0257,1,1
R2,r-0257,2,1
R2,r-0257,3,0
R2,r-0258,1,1
R2,r-0258,2,0
R2,r-0258,3,1
R2,r-0259,1,0
R2,r-0259,2,1
R2,r-0259,3,1
R2,r-0260,1,0
R2,r-0260,2,0
R2,r-0260,3,0
R2,r-0261,1,1
R2,r-0261,2,0
R2,r-0261,3,1
R2,r-0262,1,1
R2,r-0262,2,1
R2,r-0262,3,1
R2,r-0263,1,0
R2,r-0263,2,0
R2,r-0263,3,0
R2,r-0264,1,0
R2,r-0264,2,1
R2,r-0264,3,0
R2,r-0265,1,1
R2,r-0265,2,1
R2,r-0265,3,1
R2,r-0266,1,0
R2,r-0266,2,1
R2,r-0266,3,1
R2,r-0267,1,1
R2,r-0267,2,1
R2,r-0267,3,0
R2,r-0268,1,1
R2,r-0268,2,1
R2,r-0268,3,0
R2,r-0269,1,0
R2,r-0269,2,1
R2,r-0269,3,1
R2,r-0270,1,1
R2,r-0270,2,0
R2,r-0270,3,1
R2,r-0271,1,0
R2,r-0271,2,0
R2,r-0271,3,1
R2,r-0272,1,0
R2,r-0272,2,0
R2,r-0272,3,0
R2,r-0273,1,1
R2,r-0273,2,0
R2,r-0273,3,1
R2,r-0274,1,1
R2,r-0274,2,1
R2,r-0274,3,0
R2,r-0275,1,1
R2,r-0275,2,1
R2,r-0275,3,0
R2,r-0276,1,1
R2,r-0276,2,1
R2,r-0276,3,0
R2,r-0277,1,0
R2,r-0277,2,1
R2,r-0277,3,0
R2,r-0278,1,1
R2,r-0278,2,1
R2,r-0278,3,0
R2,r-0279,1,0
R2,r-0279,2,1
R2,r-0279,3,1
R2,r-0280,1,0
R2,r-0280,2,1
R2,r-0280,3,1
R2,r-0281,1,1
R2,r-0281,2,1
R2,r-0281,3,1
R2,r-0282,1,1
R2,r-0282,2,1
R2,r-0282,3,1
R2,r-0283,1,0
R2,r-0283,2,0
R2,r-0283,3,1
R2,r-0284,1,0
R2,r-0284,2,1
R2,r-0284,3,1
R2,r-0285,1,0
R2,r-0285,2,0
R2,r-0285,3,1
R2,r-0286,1,0
R2,r-0286,2,1
R2,r-0286,3,1
R2,r-0287,1,1
R2,r-0287,2,1
R2,r-0287,3,1
R2,r-0288,1,1
R2,r-0288,2,1
R2,r-0288,3,1
R2,r-0289,1,1
R2,r-0289,2,1
R2,r-0289,3,0
R2,r-0290,1,0
R2,r-0290,2,1
R2,r-0290,3,0
R2,r-0291,1,0
R2,r-0291,2,0
R2,r-0291,3,1
R2,r-0292,1,1
R2,r-0292,2,1
R2,r-0292,3,1
R2,r-0293,1,0
R2,r-0293,2,0
R2,r-0293,3,1
R2,r-0294,1,1
R2,r-0294,2,1
R2,r-0294,3,0
R2,r-0295,1,0
R2,r-0295,2,1
R2,r-0295,3,0
R2,r-0296,1,0
R2,r-0296,2,1
R2,r-0296,3,1
R2,r-0297,1,1
R2,r-0297,2,1
R2,r-0297,3,1
R2,r-0298,1,1
R2,r-0298,2,1
R2,r-0298,3,0
R2,r-0299,1,1
R2,r-0299,2,1
R2,r-0299,3,1
R2,r-0300,1,0
R2,r-0300,2,1
R2,r-0300,3,0
R2,r-0301,1,1
R2,r-0301,2,1
R2,r-0301,3,0
R2,r-0302,1,1
R2,r-0302,2,0
R2,r-0302,3,0
R2,r-0303,1,0
R2,r-0303,2,1
R2,r-0303,3,0
R2,r-0304,1,1
R2,r-0304,2,1
R2,r-0304,3,0
R2,r-0305,1,0
R2,r-0305,2,0
R2,r-0305,3,1
R2,r-0306,1,1
R2,r-0306,2,1
R2,r-0306,3,1
R2,r-0307,1,1
R2,r-0307,2,1
R2,r-0307,3,1
R2,r-0308,1,1
R2,r-0308,2,1
R2,r-0308,3,0
R2,r-0309,1,1
R2,r-0309,2,1
R2,r-0309,3,1
R2,r-0310,1,1
R2,r-0310,2,1
R2,r-0310,3,1
R2,r-0311,1,1
R2,r-0311,2,0
R2,r-0311,3,0
R2,r-0312,1,1
R2,r-0312,2,1
R2,r-0312,3,0
R2,r-0313,1,1
R2,r-0313,2,1
R2,r-0313,3,1
R2,r-0314,1,0
R2,r-0314,2,0
R2,r-0314,3,1
R2,r-0315,1,1
R2,r-0315,2,0
R2,r-0315,3,1
R2,r-0316,1,1
R2,r-0316,2,1
R2,r-0316,3,1
R2,r-0317,1,0
R2,r-0317,2,1
R2,r-0317,3,0
R2,r-0318,1,1
R2,r-0318,2,1
R2,r-0318,3,1
R2,r-0319,1,1
R2,r-0319,2,1
R2,r-0319,3,0
R2,r-0320,1,1
R2,r-0320,2,0
R2,r-0320,3,1
R2,r-0321,1,0
R2,r-0321,2,0
R2,r-0321,3,0
R2,r-0322,1,1
R2,r-0322,2,1
R2,r-0322,3,1
R2,r-0323,1,1
R2,r-0323,2,1
R2,r-0323,3,1
R2,r-0324,1,1
R2,r-0324,2,1
R2,r-0324,3,0
R2,r-0325,1,1
R2,r-0325,2,1
R2,r-0325,3,1
R2,r-0326,1,0
R2,r-0326,2,1
R2,r-0326,3,1
R2,r-0327,1,0
R2,r-0327,2,0
R2,r-0327,3,0
R2,r-0328,1,1
R2,r-0328,2,1
R2,r-0328,3,1
R2,r-0329,1,0
R2,r-0329,2,1
R2,r-0329,3,1
R2,r-0330,1,1
R2,r-0330,2,1
R2,r-0330,3,0
R2,r-0331,1,0
R2,r-0331,2,0
R2,r-0331,3,1
R2,r-0332,1,0
R2,r-0332,2,1
R2,r-0332,3,1
R2,r-0333,1,1
R2,r-0333,2,0
R2,r-0333,3,1
R2,r-0334,1,1
R2,r-0334,2,1
R2,r-0334,3,0
R2,r-0335,1,1
R2,r-0335,2,1
R2,r-0335,3,1
R2,r-0336,1,1
R2,r-0336,2,0
R2,r-0336,3,1
R2,r-0337,1,1
R2,r-0337,2,1
R2,r-0337,3,0
R2,r-0338,1,1
R2,r-0338,2,1
R2,r-0338,3,1
R2,r-0339,1,0
R2,r-0339,2,1
R2,r-0339,3,1
R2,r-0340,1,1
R2,r-0340,2,0
R2,r-0340,3,1
R2,r-0341,1,1
R2,r-0341,2,1
R2,r-0341,3,1
R2,r-0342,1,0
R2,r-0342,2,0
R2,r-0342,3,1
R2,r-0343,1,1
R2,r-0343,2,1
R2,r-0343,3,0
R2,r-0344,1,1
R2,r-0344,2,1
R2,r-0344,3,1
R2,r-0345,1,0
R2,r-0345,2,1
R2,r-0345,3,1
R2,r-0346,1,0
R2,r-0346,2,0
R2,r-0346,3,1
R2,r-0347,1,1
R2,r-0347,2,1
R2,r-0347,3,1
R2,r-0348,1,1
R2,r-0348,2,1
R2,r-0348,3,1
R2,r-0349,1,1
R2,r-0349,2,1
R2,r-0349,3,1
R2,r-0350,1,1
R2,r-0350,2,0
R2,r-0350,3,1
R4,r-0201,1,0
R4,r-0201,2,0
R4,r-0201,3,0
R4,r-0202,1,0
R4,r-0202,2,1
R4,r-0202,3,0
R4,r-0203,1,1
R4,r-0203,2,1
R4,r-0203,3,1
R4,r-0204,1,0
R4,r-0204,2,0
R4,r-0204,3,0
R4,r-0205,1,0
R4,r-0205,2,0
R4,r-0205,3,0
R4,r-0206,1,0
R4,r-0206,2,0
R4,r-0206,3,0
R4,r-0207,1,0
R4,r-0207,2,1
R4,r-0207,3,0
R4,r-0208,1,0
R4,r-0208,2,0
R4,r-0208,3,0
R4,r-0209,1,0
R4,r-0209,2,0
R4,r-0209,3,0
R4,r-0210,1,0
R4,r-0210,2,1
R4,r-0210,3,0
R4,r-0211,1,0
R4,r-0211,2,0
R4,r-0211,3,0
R4,r-0212,1,0
R4,r-0212,2,0
R4,r-0212,3,0
R4,r-0213,1,0
R4,r-0213,2,0
R4,r-0213,3,0
R4,r-0214,1,0
R4,r-0214,2,0
R4,r-0214,3,0
R4,r-0215,1,0
R4,r-0215,2,0
R4,r-0215,3,0
R4,r-0216,1,0
R4,r-0216,2,0
R4,r-0216,3,0
R4,r-0217,1,0
R4,r-0217,2,0
R4,r-0217,3,1
R4,r-0218,1,1
R4,r-0218,2,0
R4,r-0218,3,1
R4,r-0219,1,1
R4,r-0219,2,0
R4,r-0219,3,0
R4,r-0220,1,0
R4,r-0220,2,0
R4,r-0220,3,0
R4,r-0221,1,0
R4,r-0221,2,0
R4,r-0221,3,0
R4,r-0222,1,0
R4,r-0222,2,0
R4,r-0222,3,1
R4,r-0223,1,0
R4,r-0223,2,0
R4,r-0223,3,0
R4,r-0224,1,0
R4,r-0224,2,0
R4,r-0224,3,0
R4,r-0225,1,0
R4,r-0225,2,0
R4,r-0225,3,0
R4,r-0226,1,0
R4,r-0226,2,0
R4,r-0226,3,1
R4,r-0227,1,0
R4,r-0227,2,0
R4,r-0227,3,0
R4,r-0228,1,0
R4,r-0228,2,0
R4,r-0228,3,0
R4,r-0229,1,0
R4,r-0229,2,0
R4,r-0229,3,1
R4,r-0230,1,1
R4,r-0230,2,0
R4,r-0230,3,1
R4,r-0231,1,0
R4,r-0231,2,0
R4,r-0231,3,1
R4,r-0232,1,0
R4,r-0232,2,0
R4,r-0232,3,0
R4,r-0233,1,0
R4,r-0233,2,0
R4,r-0233,3,0
R4,r-0234,1,0
R4,r-0234,2,0
R4,r-0234,3,0
R4,r-0235,1,1
R4,r-0235,2,0
R4,r-0235,3,0
R4,r-0236,1,0
R4,r-0236,2,0
R4,r-0236,3,0
R4,r-0237,1,1
R4,r-0237,2,0
R4,r-0237,3,0
R4,r-0238,1,1
R4,r-0238,2,0
R4,r-0238,3,0
R4,r-0239,1,0
R4,r-0239,2,0
R4,r-0239,3,1
R4,r-0240,1,0
R4,r-0240,2,0
R4,r-0240,3,1
R4,r-0241,1,0
R4,r-0241,2,1
R4,r-0241,3,1
R4,r-0242,1,0
R4,r-0242,2,0
R4,r-0242,3,1
R4,r-0243,1,1
R4,r-0243,2,0
R4,r-0243,3,0
R4,r-0244,1,0
R4,r-0244,2,0
R4,r-0244,3,1
R4,r-0245,1,0
R4,r-0245,2,0
R4,r-0245,3,0
R4,r-0246,1,0
R4,r-0246,2,1
R4,r-0246,3,0
R4,r-0247,1,0
R4,r-0247,2,0
R4,r-0247,3,1
R4,r-0248,1,0
R4,r-0248,2,0
R4,r-0248,3,0
R4,r-0249,1,0
R4,r-0249,2,0
R4,r-0249,3,0
R4,r-0250,1,0
R4,r-0250,2,0
R4,r-0250,3,1
R4,r-0251,1,1
R4,r-0251,2,0
R4,r-0251,3,0
R4,r-0252,1,0
R4,r-0252,2,0
R4,r-0252,3,1
R4,r-0253,1,0
R4,r-0253,2,0
R4,r-0253,3,0
R4,r-0254,1,1
R4,r-0254,2,1
R4,r-0254,3,0
R4,r-0255,1,1
R4,r-0255,2,1
R4,r-0255,3,1
R4,r-0256,1,0
R4,r-0256,2,0
R4,r-0256,3,0
R4,r-0257,1,0
R4,r-0257,2,1
R4,r-0257,3,0
R4,r-0258,1,0
R4,r-0258,2,1
R4,r-0258,3,0
R4,r-0259,1,0
R4,r-0259,2,0
R4,r-0259,3,0
R4,r-0260,1,0
R4,r-0260,2,0
R4,r-0260,3,0
R4,r-0261,1,0
R4,r-0261,2,0
R4,r-0261,3,0
R4,r-0262,1,0
R4,r-0262,2,0
R4,r-0262,3,0
R4,r-0263,1,0
R4,r-0263,2,0
R4,r-0263,3,1
R4,r-0264,1,0
R4,r-0264,2,0
R4,r-0264,3,0
R4,r-0265,1,1
R4,r-0265,2,1
R4,r-0265,3,0
R4,r-0266,1,0
R4,r-0266,2,0
R4,r-0266,3,0
R4,r-0267,1,0
R4,r-0267,2,0
R4,r-0267,3,0
R4,r-0268,1,0
R4,r-0268,2,0
R4,r-0268,3,0
R4,r-0269,1,0
R4,r-0269,2,0
R4,r-0269,3,0
R4,r-0270,1,1
R4,r-0270,2,0
R4,r-0270,3,1
R4,r-0271,1,0
R4,r-0271,2,0
R4,r-0271,3,0
R4,r-0272,1,0
R4,r-0272,2,0
R4,r-0272,3,0
R4,r-0273,1,0
R4,r-0273,2,0
R4,r-0273,3,0
R4,r-0274,1,0
R4,r-0274,2,0
R4,r-0274,3,0
R4,r-0275,1,0
R4,r-0275,2,0
R4,r-0275,3,0
R4,r-0276,1,0
R4,r-0276,2,0
R4,r-0276,3,1
R4,r-0277,1,1
R4,r-0277,2,1
R4,r-0277,3,1
R4,r-0278,1,0
R4,r-0278,2,0
R4,r-0278,3,0
R4,r-0279,1,0
R4,r-0279,2,1
R4,r-0279,3,0
R4,r-0280,1,0
R4,r-0280,2,0
R4,r-0280,3,1
R4,r-0281,1,0
R4,r-0281,2,1
R4,r-0281,3,0
R4,r-0282,1,0
R4,r-0282,2,0
R4,r-0282,3,0
R4,r-0283,1,0
R4,r-0283,2,0
R4,r-0283,3,0
R4,r-0284,1,1
R4,r-0284,2,0
R4,r-0284,3,0
R4,r-0285,1,0
R4,r-0285,2,0
R4,r-0285,3,0
R4,r-0286,1,0
R4,r-0286,2,0
R4,r-0286,3,0
R4,r-0287,1,0
R4,r-0287,2,0
R4,r-0287,3,0
R4,r-0288,1,0
R4,r-0288,2,0
R4,r-0288,3,0
R4,r-0289,1,1
R4,r-0289,2,0
R4,r-0289,3,0
R4,r-0290,1,0
R4,r-0290,2,0
R4,r-0290,3,0
R4,r-0291,1,1
R4,r-0291,2,0
R4,r-0291,3,0
R4,r-0292,1,1
R4,r-0292,2,0
R4,r-0292,3,0
R4,r-0293,1,0
R4,r-0293,2,0
R4,r-0293,3,0
R4,r-0294,1,0
R4,r-0294,2,0
R4,r-0294,3,1
R4,r-0295,1,0
R4,r-0295,2,1
R4,r-0295,3,0
R4,r-0296,1,0
R4,r-0296,2,0
R4,r-0296,3,0
R4,r-0297,1,0
R4,r-0297,2,0
R4,r-0297,3,0
R4,r-0298,1,0
R4,r-0298,2,0
R4,r-0298,3,0
R4,r-0299,1,0
R4,r-0299,2,1
R4,r-0299,3,0
R4,r-0300,1,1
R4,r-0300,2,0
R4,r-0300,3,0
R4,r-0301,1,0
R4,r-0301,2,1
R4,r-0301,3,0
R4,r-0302,1,0
R4,r-0302,2,0
R4,r-0302,3,1
R4,r-0303,1,0
R4,r-0303,2,0
R4,r-0303,3,0
R4,r-0304,1,1
R4,r-0304,2,0
R4,r-0304,3,0
R4,r-0305,1,0
R4,r-0305,2,0
R4,r-0305,3,0
R4,r-0306,1,0
R4,r-0306,2,1
R4,r-0306,3,0
R4,r-0307,1,1
R4,r-0307,2,0
R4,r-0307,3,0
R4,r-0308,1,0
R4,r-0308,2,0
R4,r-0308,3,1
R4,r-0309,1,0
R4,r-0309,2,0
R4,r-0309,3,0
R4,r-0310,1,0
R4,r-0310,2,0
R4,r-0310,3,0
R4,r-0311,1,0
R4,r-0311,2,0
R4,r-0311,3,1
R4,r-0312,1,0
R4,r-0312,2,0
R4,r-0312,3,0
R4,r-0313,1,1
R4,r-0313,2,0
R4,r-0313,3,0
R4,r-0314,1,0
R4,r-0314,2,0
R4,r-0314,3,0
R4,r-0315,1,1
R4,r-0315,2,0
R4,r-0315,3,0
R4,r-0316,1,0
R4,r-0316,2,0
R4,r-0316,3,0
R4,r-0317,1,0
R4,r-0317,2,0
R4,r-0317,3,0
R4,r-0318,1,0
R4,r-0318,2,0
R4,r-0318,3,0
R4,r-0319,1,0
R4,r-0319,2,0
R4,r-0319,3,0
R4,r-0320,1,0
R4,r-0320,2,0
R4,r-0320,3,0
R4,r-0321,1,0
R4,r-0321,2,0
R4,r-0321,3,0
R4,r-0322,1,0
R4,r-0322,2,0
R4,r-0322,3,0
R4,r-0323,1,0
R4,r-0323,2,0
R4,r-0323,3,0
R4,r-0324,1,0
R4,r-0324,2,0
R4,r-0324,3,0
R4,r-0325,1,0
R4,r-0325,2,0
R4,r-0325,3,0
R4,r-0326,1,0
R4,r-0326,2,0
R4,r-0326,3,0
R4,r-0327,1,0
R4,r-0327,2,0
R4,r-0327,3,0
R4,r-0328,1,0
R4,r-0328,2,0
R4,r-0328,3,0
R4,r-0329,1,0
R4,r-0329,2,0
R4,r-0329,3,0
R4,r-0330,1,0
R4,r-0330,2,0
R4,r-0330,3,0
R4,r-0331,1,0
R4,r-0331,2,0
R4,r-0331,3,0
R4,r-0332,1,0
R4,r-0332,2,0
R4,r-0332,3,0
R4,r-0333,1,0
R4,r-0333,2,0
R4,r-0333,3,0
R4,r-0334,1,0
R4,r-0334,2,0
R4,r-0334,3,0
R4,r-0335,1,0
R4,r-0335,2,0
R4,r-0335,3,0
R4,r-0336,1,0
R4,r-0336,2,0
R4,r-0336,3,0
R4,r-0337,1,0
R4,r-0337,2,0
R4,r-0337,3,0
R4,r-0338,1,0
R4,r-0338,2,0
R4,r-0338,3,0
R4,r-0339,1,0
R4,r-0339,2,0
R4,r-0339,3,0
R4,r-0340,1,0
R4,r-0340,2,0
R4,r-0340,3,0
R4,r-0341,1,0
R4,r-0341,2,0
R4,r-0341,3,0
R4,r-0342,1,0
R4,r-0342,2,0
R4,r-0342,3,0
R4,r-0343,1,0
R4,r-0343,2,0
R4,r-0343,3,0
R4,r-0344,1,0
R4,r-0344,2,0
R4,r-0344,3,0
R4,r-0345,1,0
R4,r-0345,2,0
R4,r-0345,3,0
R4,r-0346,1,0
R4,r-0346,2,0
R4,r-0346,3,0
R4,r-0347,1,0
R4,r-0347,2,0
R4,r-0347,3,0
R4,r-0348,1,0
R4,r-0348,2,0
R4,r-0348,3,0
R4,r-0349,1,0
R4,r-0349,2,0
R4,r-0349,3,0
R4,r-0350,1,0
R4,r-0350,2,0
R4,r-0350,3,0
R6,r-0201,1,0
R6,r-0201,2,0
R6,r-0201,3,0
R6,r-0202,1,0
R6,r-0202,2,0
R6,r-0202,3,0
R6,r-0203,1,0
R6,r-0203,2,0
R6,r-0203,3,0
R6,r-0204,1,0
R6,r-0204,2,0
R6,r-0204,3,0
R6,r-0205,1,0
R6,r-0205,2,0
R6,r-0205,3,0
R6,r-0206,1,0
R6,r-0206,2,0
R6,r-0206,3,0
R6,r-0207,1,0
R6,r-0207,2,0
R6,r-0207,3,0
R6,r-0208,1,0
R6,r-0208,2,0
R6,r-0208,3,0
R6,r-0209,1,0
R6,r-0209,2,0
R6,r-0209,3,0
R6,r-0210,1,0
R6,r-0210,2,0
R6,r-0210,3,0
R6,r-0211,1,0
R6,r-0211,2,0
R6,r-0211,3,0
R6,r-0212,1,0
R6,r-0212,2,0
R6,r-0212,3,0
R6,r-0213,1,0
R6,r-0213,2,0
R6,r-0213,3,0
R6,r-0214,1,0
R6,r-0214,2,0
R6,r-0214,3,0
R6,r-0215,1,0
R6,r-0215,2,0
R6,r-0215,3,0
R6,r-0216,1,0
R6,r-0216,2,0
R6,r-0216,3,0
R6,r-0217,1,0
R6,r-0217,2,0
R6,r-0217,3,0
R6,r-0218,1,0
R6,r-0218,2,0
R6,r-0218,3,0
R6,r-0219,1,0
R6,r-0219,2,0
R6,r-0219,3,0
R6,r-0220,1,0
R6,r-0220,2,0
R6,r-0220,3,0
R6,r-0221,1,0
R6,r-0221,2,0
R6,r-0221,3,0
R6,r-0222,1,0
R6,r-0222,2,0
R6,r-0222,3,0
R6,r-0223,1,0
R6,r-0223,2,0
R6,r-0223,3,0
R6,r-0224,1,0
R6,r-0224,2,0
R6,r-0224,3,0
R6,r-0225,1,0
R6,r-0225,2,0
R6,r-0225,3,0
R6,r-0226,1,0
R6,r-0226,2,0
R6,r-0226,3,0
R6,r-0227,1,0
R6,r-0227,2,0
R6,r-0227,3,0
R6,r-0228,1,0
R6,r-0228,2,0
R6,r-0228,3,0
R6,r-0229,1,0
R6,r-0229,2,0
R6,r-0229,3,0
R6,r-0230,1,0
R6,r-0230,2,0
R6,r-0230,3,0
R6,r-0231,1,0
R6,r-0231,2,0
R6,r-0231,3,0
R6,r-0232,1,0
R6,r-0232,2,0
R6,r-0232,3,0
R6,r-0233,1,0
R6,r-0233,2,0
R6,r-0233,3,0
R6,r-0234,1,0
R6,r-0234,2,0
R6,r-0234,3,0
R6,r-0235,1,0
R6,r-0235,2,0
R6,r-0235,3,0
R6,r-0236,1,0
R6,r-0236,2,0
R6,r-0236,3,0
R6,r-0237,1,0
R6,r-0237,2,0
R6,r-0237,3,0
R6,r-0238,1,0
R6,r-0238,2,0
R6,r-0238,3,0
R6,r-0239,1,0
R6,r-0239,2,0
R6,r-0239,3,0
R6,r-0240,1,0
R6,r-0240,2,0
R6,r-0240,3,0
R6,r-0241,1,0
R6,r-0241,2,0
R6,r-0241,3,0
R6,r-0242,1,0
R6,r-0242,2,0
R6,r-0242,3,0
R6,r-0243,1,0
R6,r-0243,2,0
R6,r-0243,3,0
R6,r-0244,1,0
R6,r-0244,2,0
R6,r-0244,3,0
R6,r-0245,1,0
R6,r-0245,2,0
R6,r-0245,3,0
R6,r-0246,1,0
R6,r-0246,2,0
R6,r-0246,3,0
R6,r-0247,1,0
R6,r-0247,2,0
R6,r-0247,3,0
R6,r-0248,1,0
R6,r-0248,2,0
R6,r-0248,3,0
R6,r-0249,1,0
R6,r-0249,2,0
R6,r-0249,3,0
R6,r-0250,1,0
R6,r-0250,2,0
R6,r-0250,3,0
R6,r-0251,1,0
R6,r-0251,2,0
R6,r-0251,3,0
R6,r-0252,1,0
R6,r-0252,2,0
R6,r-0252,3,0
R6,r-0253,1,0
R6,r-0253,2,0
R6,r-0253,3,0
R6,r-0254,1,0
R6,r-0254,2,0
R6,r-0254,3,0
R6,r-0255,1,0
R6,r-0255,2,0
R6,r-0255,3,0
R6,r-0256,1,0
R6,r-0256,2,0
R6,r-0256,3,0
R6,r-0257,1,0
R6,r-0257,2,0
R6,r-0257,3,0
R6,r-0258,1,0
R6,r-0258,2,0
R6,r-0258,3,0
R6,r-0259,1,0
R6,r-0259,2,0
R6,r-0259,3,0
R6,r-0260,1,0
R6,r-0260,2,0
R6,r-0260,3,0
R6,r-0261,1,0
R6,r-0261,2,0
R6,r-0261,3,0
R6,r-0262,1,0
R6,r-0262,2,0
R6,r-0262,3,0
R6,r-0263,1,0
R6,r-0263,2,0
R6,r-0263,3,0
R6,r-0264,1,0
R6,r-0264,2,0
R6,r-0264,3,0
R6,r-0265,1,0
R6,r-0265,2,0
R6,r-0265,3,0
R6,r-0266,1,0
R6,r-0266,2,0
R6,r-0266,3,0
R6,r-0267,1,0
R6,r-0267,2,0
R6,r-0267,3,0
R6,r-0268,1,0
R6,r-0268,2,0
R6,r-0268,3,0
R6,r-0269,1,0
R6,r-0269,2,0
R6,r-0269,3,0
R6,r-0270,1,0
R6,r-0270,2,0
R6,r-0270,3,0
R6,r-0271,1,0
R6,r-0271,2,0
R6,r-0271,3,0
R6,r-0272,1,0
R6,r-0272,2,0
R6,r-0272,3,0
R6,r-0273,1,0
R6,r-0273,2,0
R6,r-0273,3,0
R6,r-0274,1,0
R6,r-0274,2,0
R6,r-0274,3,0
R6,r-0275,1,0
R6,r-0275,2,0
R6,r-0275,3,0
R6,r-0276,1,0
R6,r-0276,2,0
R6,r-0276,3,0
R6,r-0277,1,0
R6,r-0277,2,0
R6,r-0277,3,0
R6,r-0278,1,0
R6,r-0278,2,0
R6,r-0278,3,0
R6,r-0279,1,0
R6,r-0279,2,0
R6,r-0279,3,0
R6,r-0280,1,0
R6,r-0280,2,0
R6,r-0280,3,0
R6,r-0281,1,0
R6,r-0281,2,0
R6,r-0281,3,0
R6,r-0282,1,0
R6,r-0282,2,0
R6,r-0282,3,0
R6,r-0283,1,0
R6,r-0283,2,0
R6,r-0283,3,0
R6,r-0284,1,0
R6,r-0284,2,0
R6,r-0284,3,0
R6,r-0285,1,0
R6,r-0285,2,0
R6,r-0285,3,0
R6,r-0286,1,0
R6,r-0286,2,0
R6,r-0286,3,0
R6,r-0287,1,0
R6,r-0287,2,0
R6,r-0287,3,0
R6,r-0288,1,0
R6,r-0288,2,0
R6,r-0288,3,0
R6,r-0289,1,0
R6,r-0289,2,0
R6,r-0289,3,0
R6,r-0290,1,0
R6,r-0290,2,0
R6,r-0290,3,0
R6,r-0291,1,0
R6,r-0291,2,0
R6,r-0291,3,0
R6,r-0292,1,0
R6,r-0292,2,0
R6,r-0292,3,0
R6,r-0293,1,0
R6,r-0293,2,0
R6,r-0293,3,0
R6,r-0294,1,0
R6,r-0294,2,0
R6,r-0294,3,0
R6,r-0295,1,0
R6,r-0295,2,0
R6,r-0295,3,0
R6,r-0296,1,0
R6,r-0296,2,0
R6,r-0296,3,0
R6,r-0297,1,0
R6,r-0297,2,0
R6,r-0297,3,0
R6,r-0298,1,0
R6,r-0298,2,0
R6,r-0298,3,0
R6,r-0299,1,0
R6,r-0299,2,0
R6,r-0299,3,0
R6,r-0300,1,0
R6,r-0300,2,0
R6,r-0300,3,0
R6,r-0301,1,0
R6,r-0301,2,0
R6,r-0301,3,0
R6,r-0302,1,0
R6,r-0302,2,0
R6,r-0302,3,0
R6,r-0303,1,0
R6,r-0303,2,0
R6,r-0303,3,0
R6,r-0304,1,0
R6,r-0304,2,0
R6,r-0304,3,0
R6,r-0305,1,0
R6,r-0305,2,0
R6,r-0305,3,0
R6,r-0306,1,0
R6,r-0306,2,0
R6,r-0306,3,0
R6,r-0307,1,0
R6,r-0307,2,0
R6,r-0307,3,0
R6,r-0308,1,0
R6,r-0308,2,0
R6,r-0308,3,0
R6,r-0309,1,0
R6,r-0309,2,0
R6,r-0309,3,0
R6,r-0310,1,0
R6,r-0310,2,0
R6,r-0310,3,0
R6,r-0311,1,0
R6,r-0311,2,0
R6,r-0311,3,0
R6,r-0312,1,0
R6,r-0312,2,0
R6,r-0312,3,0
R6,r-0313,1,0
R6,r-0313,2,0
R6,r-0313,3,0
R6,r-0314,1,0
R6,r-0314,2,0
R6,r-0314,3,0
R6,r-0315,1,0
R6,r-0315,2,0
R6,r-0315,3,0
R6,r-0316,1,0
R6,r-0316,2,0
R6,r-0316,3,0
R6,r-0317,1,0
R6,r-0317,2,0
R6,r-0317,3,0
R6,r-0318,1,0
R6,r-0318,2,0
R6,r-0318,3,0
R6,r-0319,1,0
R6,r-0319,2,0
R6,r-0319,3,0
R6,r-0320,1,0
R6,r-0320,2,0
R6,r-0320,3,0
R6,r-0321,1,0
R6,r-0321,2,0
R6,r-0321,3,0
R6,r-0322,1,0
R6,r-0322,2,0
R6,r-0322,3,0
R6,r-0323,1,0
R6,r-0323,2,0
R6,r-0323,3,0
R6,r-0324,1,0
R6,r-0324,2,0
R6,r-0324,3,0
R6,r-0325,1,0
R6,r-0325,2,0
R6,r-0325,3,0
R6,r-0326,1,0
R6,r-0326,2,0
R6,r-0326,3,0
R6,r-0327,1,0
R6,r-0327,2,0
R6,r-0327,3,0
R6,r-0328,1,0
R6,r-0328,2,0
R6,r-0328,3,0
R6,r-0329,1,0
R6,r-0329,2,0
R6,r-0329,3,0
R6,r-0330,1,0
R6,r-0330,2,0
R6,r-0330,3,0
R6,r-0331,1,0
R6,r-0331,2,0
R6,r-0331,3,0
R6,r-0332,1,0
R6,r-0332,2,0
R6,r-0332,3,0
R6,r-0333,1,0
R6,r-0333,2,0
R6,r-0333,3,0
R6,r-0334,1,0
R6,r-0334,2,0
R6,r-0334,3,0
R6,r-0335,1,0
R6,r-0335,2,0
R6,r-0335,3,0
R6,r-0336,1,0
R6,r-0336,2,0
R6,r-0336,3,0
R6,r-0337,1,0
R6,r-0337,2,0
R6,r-0337,3,0
R6,r-0338,1,0
R6,r-0338,2,0
R6,r-0338,3,0
R6,r-0339,1,0
R6,r-0339,2,0
R6,r-0339,3,0
R6,r-0340,1,0
R6,r-0340,2,0
R6,r-0340,3,0
R6,r-0341,1,0
R6,r-0341,2,0
R6,r-0341,3,0
R6,r-0342,1,0
R6,r-0342,2,0
R6,r-0342,3,0
R6,r-0343,1,0
R6,r-0343,2,0
R6,r-0343,3,0
R6,r-0344,1,0
R6,r-0344,2,0
R6,r-0344,3,0
R6,r-0345,1,0
R6,r-0345,2,0
R6,r-0345,3,0
R6,r-0346,1,0
R6,r-0346,2,0
R6,r-0346,3,0
R6,r-0347,1,0
R6,r-0347,2,0
R6,r-0347,3,0
R6,r-0348,1,0
R6,r-0348,2,0
R6,r-0348,3,0
R6,r-0349,1,0
R6,r-0349,2,0
R6,r-0349,3,0
R6,r-0350,1,0
R6,r-0350,2,0
R6,r-0350,3,0
